Image,target
508.jpg,bharatanatyam
246.jpg,bharatanatyam
473.jpg,odissi
485.jpg,mohiniyattam
128.jpg,sattriya
410.jpg,odissi
465.jpg,kuchipudi
196.jpg,sattriya
340.jpg,odissi
467.jpg,mohiniyattam
306.jpg,sattriya
171.jpg,sattriya
323.jpg,odissi
332.jpg,manipuri
330.jpg,sattriya
170.jpg,odissi
479.jpg,sattriya
9.jpg,kathak
283.jpg,sattriya
114.jpg,mohiniyattam
507.jpg,kathak
183.jpg,sattriya
200.jpg,mohiniyattam
457.jpg,sattriya
264.jpg,sattriya
194.jpg,mohiniyattam
518.jpg,bharatanatyam
175.jpg,odissi
64.jpg,kathakali
152.jpg,sattriya
270.jpg,odissi
125.jpg,bharatanatyam
38.jpg,kathak
440.jpg,sattriya
302.jpg,sattriya
394.jpg,kathakali
448.jpg,kuchipudi
463.jpg,mohiniyattam
20.jpg,bharatanatyam
301.jpg,kathakali
28.jpg,mohiniyattam
61.jpg,mohiniyattam
398.jpg,bharatanatyam
349.jpg,bharatanatyam
271.jpg,mohiniyattam
286.jpg,odissi
431.jpg,kathakali
316.jpg,kathak
224.jpg,kuchipudi
411.jpg,sattriya
278.jpg,sattriya
456.jpg,kuchipudi
45.jpg,bharatanatyam
324.jpg,kathak
6.jpg,odissi
59.jpg,odissi
86.jpg,kuchipudi
470.jpg,sattriya
374.jpg,sattriya
132.jpg,sattriya
216.jpg,sattriya
95.jpg,kathak
17.jpg,sattriya
162.jpg,sattriya
346.jpg,sattriya
439.jpg,odissi
232.jpg,kathak
150.jpg,bharatanatyam
401.jpg,odissi
145.jpg,odissi
23.jpg,kathak
514.jpg,sattriya
193.jpg,sattriya
416.jpg,kathak
447.jpg,kuchipudi
220.jpg,odissi
505.jpg,sattriya
147.jpg,kuchipudi
210.jpg,mohiniyattam
40.jpg,manipuri
284.jpg,mohiniyattam
55.jpg,bharatanatyam
378.jpg,odissi
520.jpg,sattriya
484.jpg,manipuri
112.jpg,odissi
360.jpg,sattriya
317.jpg,kuchipudi
71.jpg,sattriya
202.jpg,sattriya
92.jpg,odissi
11.jpg,mohiniyattam
67.jpg,kathakali
138.jpg,odissi
506.jpg,bharatanatyam
146.jpg,bharatanatyam
318.jpg,sattriya
198.jpg,odissi
375.jpg,bharatanatyam
41.jpg,kuchipudi
421.jpg,bharatanatyam
129.jpg,kuchipudi
14.jpg,bharatanatyam
460.jpg,kathak
34.jpg,kathakali
380.jpg,sattriya
238.jpg,kathak
392.jpg,kathakali
80.jpg,bharatanatyam
517.jpg,sattriya
13.jpg,kathak
189.jpg,kathak
390.jpg,kathakali
487.jpg,sattriya
438.jpg,kathak
482.jpg,kathakali
206.jpg,sattriya
217.jpg,odissi
285.jpg,odissi
385.jpg,sattriya
495.jpg,kuchipudi
269.jpg,kathak
429.jpg,kathak
291.jpg,kathak
461.jpg,sattriya
256.jpg,kathak
48.jpg,kathakali
290.jpg,kuchipudi
437.jpg,kuchipudi
498.jpg,odissi
173.jpg,kathak
280.jpg,sattriya
119.jpg,kathak
363.jpg,kuchipudi
97.jpg,sattriya
414.jpg,kuchipudi
386.jpg,kathak
424.jpg,sattriya
157.jpg,mohiniyattam
33.jpg,odissi
354.jpg,mohiniyattam
57.jpg,odissi
108.jpg,odissi
239.jpg,bharatanatyam
441.jpg,bharatanatyam
215.jpg,sattriya
373.jpg,kathak
292.jpg,kathak
110.jpg,mohiniyattam
510.jpg,bharatanatyam
275.jpg,kuchipudi
366.jpg,mohiniyattam
226.jpg,odissi
35.jpg,mohiniyattam
458.jpg,odissi
358.jpg,kathak
